,Fecha
0,2012-01-01
1,2012-09-01
2,2012-03-19
3,2012-01-04
4,2012-05-04
5,2012-06-04
6,2012-08-04
7,2012-01-05
8,2012-05-21
9,2012-11-06
10,2012-06-18
11,2012-02-07
12,2012-07-20
13,2012-07-08
14,2012-08-20
15,2012-10-15
16,2012-05-11
17,2012-12-11
18,2012-08-12
19,2012-12-25
20,2013-01-01
21,2013-07-01
22,2013-03-24
23,2013-03-25
24,2013-03-28
25,2013-03-29
26,2013-03-31
27,2013-01-05
28,2013-05-13
29,2013-03-06
30,2013-10-06
31,2013-01-07
32,2013-07-20
33,2013-07-08
34,2013-08-19
35,2013-10-14
36,2013-04-11
37,2013-11-11
38,2013-08-12
39,2013-12-25
40,2014-01-01
41,2014-06-01
42,2014-03-24
43,2014-04-17
44,2014-04-18
45,2014-01-05
46,2014-02-06
47,2014-06-23
48,2014-06-30
49,2014-06-30
50,2014-07-20
51,2014-07-08
52,2014-08-18
53,2014-10-13
54,2014-03-11
55,2014-11-17
56,2014-08-12
57,2014-12-25
58,2015-01-01
59,2015-12-01
60,2015-03-23
61,2015-02-04
62,2015-03-04
63,2015-01-05
64,2015-05-18
65,2015-08-06
66,2015-06-15
67,2015-06-29
68,2015-07-20
69,2015-07-08
70,2015-08-17
71,2015-12-10
72,2015-02-11
73,2015-11-16
74,2015-08-12
75,2015-12-25
76,2016-01-01
77,2016-11-01
78,2016-03-21
79,2016-03-24
80,2016-03-25
81,2016-01-05
82,2016-09-05
83,2016-05-30
84,2016-06-06
85,2016-04-07
86,2016-07-20
87,2016-07-08
88,2016-08-15
89,2016-10-17
90,2016-07-11
91,2016-11-14
92,2016-08-12
93,2016-12-25
94,2017-01-01
95,2017-09-01
96,2017-03-20
97,2017-04-13
98,2017-04-14
99,2017-01-05
100,2017-05-29
101,2017-06-19
102,2017-06-26
103,2017-03-07
104,2017-07-20
105,2017-07-08
106,2017-08-21
107,2017-10-16
108,2017-06-11
109,2017-11-13
110,2017-08-12
111,2017-12-25
112,2018-01-01
113,2018-08-01
114,2018-03-19
115,2018-03-29
116,2018-03-30
117,2018-01-05
118,2018-05-14
119,2018-04-06
120,2018-11-06
121,2018-02-07
122,2018-07-20
123,2018-07-08
124,2018-08-20
125,2018-10-15
126,2018-05-11
127,2018-12-11
128,2018-08-12
129,2018-12-25
130,2019-01-01
131,2019-07-01
132,2019-03-25
133,2019-04-18
134,2019-04-19
135,2019-01-05
136,2019-03-06
137,2019-06-24
138,2019-01-07
139,2019-01-07
140,2019-07-20
141,2019-07-08
142,2019-08-19
143,2019-10-14
144,2019-04-11
145,2019-11-11
146,2019-08-12
147,2019-12-25
148,2020-01-01
149,2020-06-01
150,2020-03-23
151,2020-09-04
152,2020-10-04
153,2020-01-05
154,2020-05-25
155,2020-06-15
156,2020-06-22
157,2020-06-29
158,2020-07-20
159,2020-07-08
160,2020-08-17
161,2020-12-10
162,2020-02-11
163,2020-11-16
164,2020-08-12
165,2020-12-25
166,2021-01-01
167,2021-11-01
168,2021-03-22
169,2021-03-28
170,2021-01-04
171,2021-02-04
172,2021-04-04
173,2021-01-05
174,2021-05-17
175,2021-07-06
176,2021-06-14
177,2021-05-07
178,2021-07-20
179,2021-07-08
180,2021-08-16
181,2021-10-18
182,2021-01-11
183,2021-11-15
184,2021-08-12
185,2021-12-25
186,2022-01-01
187,2022-10-01
188,2022-03-21
189,2022-04-14
190,2022-04-15
191,2022-01-05
192,2022-05-30
193,2022-06-20
194,2022-06-27
195,2022-04-07
196,2022-07-20
197,2022-07-08
198,2022-08-15
199,2022-10-17
200,2022-07-11
201,2022-11-14
202,2022-08-12
203,2022-12-25
204,2023-01-01
205,2023-09-01
206,2023-03-20
207,2023-06-04
208,2023-07-04
209,2023-01-05
210,2023-05-22
211,2023-12-06
212,2023-06-19
213,2023-03-07
214,2023-07-20
215,2023-07-08
216,2023-08-21
217,2023-10-16
218,2023-06-11
219,2023-11-13
220,2023-08-12
221,2023-12-25
222,2024-01-01
223,2024-08-01
224,2024-03-25
225,2024-03-28
226,2024-03-29
227,2024-01-05
228,2024-05-13
229,2024-03-06
230,2024-10-06
231,2024-01-07
232,2024-07-20
233,2024-07-08
234,2024-08-19
235,2024-10-14
236,2024-04-11
237,2024-11-11
238,2024-08-12
239,2024-12-25
240,2025-01-01
241,2025-06-01
242,2025-03-24
243,2025-04-17
244,2025-04-18
245,2025-01-05
246,2025-02-06
247,2025-06-23
248,2025-06-30
249,2025-07-20
250,2025-07-08
251,2025-08-18
252,2025-08-19
253,2025-10-13
254,2025-03-11
255,2025-11-17
256,2025-08-12
257,2025-12-25
258,2012-08-01
259,2012-01-15
260,2012-01-22
261,2012-01-29
262,2012-05-02
263,2012-12-02
264,2012-02-19
265,2012-02-26
266,2012-04-03
267,2012-11-03
268,2012-03-18
269,2012-03-25
270,2012-04-15
271,2012-04-22
272,2012-04-29
273,2012-06-05
274,2012-05-13
275,2012-05-20
276,2012-05-27
277,2012-03-06
278,2012-10-06
279,2012-06-17
280,2012-06-24
281,2012-01-07
282,2012-08-07
283,2012-07-15
284,2012-07-22
285,2012-07-29
286,2012-05-08
287,2012-12-08
288,2012-08-19
289,2012-08-26
290,2012-02-09
291,2012-09-09
292,2012-09-16
293,2012-09-23
294,2012-09-30
295,2012-07-10
296,2012-10-14
297,2012-10-21
298,2012-10-28
299,2012-04-11
300,2012-11-11
301,2012-11-18
302,2012-11-25
303,2012-02-12
304,2012-09-12
305,2012-12-16
306,2012-12-23
307,2012-12-30
308,2013-06-01
309,2013-01-13
310,2013-01-20
311,2013-01-27
312,2013-03-02
313,2013-10-02
314,2013-02-17
315,2013-02-24
316,2013-03-03
317,2013-10-03
318,2013-03-17
319,2013-07-04
320,2013-04-14
321,2013-04-21
322,2013-04-28
323,2013-05-05
324,2013-12-05
325,2013-05-19
326,2013-05-26
327,2013-02-06
328,2013-09-06
329,2013-06-16
330,2013-06-23
331,2013-06-30
332,2013-07-07
333,2013-07-14
334,2013-07-21
335,2013-07-28
336,2013-04-08
337,2013-11-08
338,2013-08-18
339,2013-08-25
340,2013-01-09
341,2013-08-09
342,2013-09-15
343,2013-09-22
344,2013-09-29
345,2013-06-10
346,2013-10-13
347,2013-10-20
348,2013-10-27
349,2013-03-11
350,2013-10-11
351,2013-11-17
352,2013-11-24
353,2013-01-12
354,2013-12-15
355,2013-12-22
356,2013-12-29
357,2014-05-01
358,2014-12-01
359,2014-01-19
360,2014-01-26
361,2014-02-02
362,2014-09-02
363,2014-02-16
364,2014-02-23
365,2014-02-03
366,2014-09-03
367,2014-03-16
368,2014-03-23
369,2014-03-30
370,2014-06-04
371,2014-04-13
372,2014-04-20
373,2014-04-27
374,2014-04-05
375,2014-11-05
376,2014-05-18
377,2014-05-25
378,2014-01-06
379,2014-08-06
380,2014-06-15
381,2014-06-22
382,2014-06-29
383,2014-06-07
384,2014-07-13
385,2014-07-27
386,2014-03-08
387,2014-10-08
388,2014-08-17
389,2014-08-24
390,2014-08-31
391,2014-07-09
392,2014-09-14
393,2014-09-21
394,2014-09-28
395,2014-05-10
396,2014-12-10
397,2014-10-19
398,2014-10-26
399,2014-02-11
400,2014-09-11
401,2014-11-16
402,2014-11-23
403,2014-11-30
404,2014-07-12
405,2014-12-14
406,2014-12-21
407,2014-12-28
408,2015-04-01
409,2015-11-01
410,2015-01-18
411,2015-01-25
412,2015-01-02
413,2015-08-02
414,2015-02-15
415,2015-02-22
416,2015-01-03
417,2015-08-03
418,2015-03-15
419,2015-03-22
420,2015-03-29
421,2015-05-04
422,2015-12-04
423,2015-04-19
424,2015-04-26
425,2015-03-05
426,2015-10-05
427,2015-05-17
428,2015-05-24
429,2015-05-31
430,2015-07-06
431,2015-06-14
432,2015-06-21
433,2015-06-28
434,2015-05-07
435,2015-12-07
436,2015-07-19
437,2015-07-26
438,2015-02-08
439,2015-09-08
440,2015-08-16
441,2015-08-23
442,2015-08-30
443,2015-06-09
444,2015-09-13
445,2015-09-20
446,2015-09-27
447,2015-04-10
448,2015-11-10
449,2015-10-18
450,2015-10-25
451,2015-01-11
452,2015-08-11
453,2015-11-15
454,2015-11-22
455,2015-11-29
456,2015-06-12
457,2015-12-13
458,2015-12-20
459,2015-12-27
460,2016-03-01
461,2016-10-01
462,2016-01-17
463,2016-01-24
464,2016-01-31
465,2016-07-02
466,2016-02-14
467,2016-02-21
468,2016-02-28
469,2016-06-03
470,2016-03-13
471,2016-03-20
472,2016-03-27
473,2016-03-04
474,2016-10-04
475,2016-04-17
476,2016-04-24
477,2016-08-05
478,2016-05-15
479,2016-05-22
480,2016-05-29
481,2016-05-06
482,2016-12-06
483,2016-06-19
484,2016-06-26
485,2016-03-07
486,2016-10-07
487,2016-07-17
488,2016-07-24
489,2016-07-31
490,2016-08-14
491,2016-08-21
492,2016-08-28
493,2016-04-09
494,2016-11-09
495,2016-09-18
496,2016-09-25
497,2016-02-10
498,2016-09-10
499,2016-10-16
500,2016-10-23
501,2016-10-30
502,2016-06-11
503,2016-11-13
504,2016-11-20
505,2016-11-27
506,2016-04-12
507,2016-11-12
508,2016-12-18
509,2017-08-01
510,2017-01-15
511,2017-01-22
512,2017-01-29
513,2017-05-02
514,2017-12-02
515,2017-02-19
516,2017-02-26
517,2017-05-03
518,2017-12-03
519,2017-03-19
520,2017-03-26
521,2017-02-04
522,2017-09-04
523,2017-04-16
524,2017-04-23
525,2017-04-30
526,2017-07-05
527,2017-05-14
528,2017-05-21
529,2017-05-28
530,2017-04-06
531,2017-11-06
532,2017-06-18
533,2017-06-25
534,2017-02-07
535,2017-09-07
536,2017-07-16
537,2017-07-23
538,2017-07-30
539,2017-06-08
540,2017-08-13
541,2017-08-20
542,2017-08-27
543,2017-03-09
544,2017-10-09
545,2017-09-17
546,2017-09-24
547,2017-01-10
548,2017-08-10
549,2017-10-15
550,2017-10-22
551,2017-10-29
552,2017-05-11
553,2017-12-11
554,2017-11-19
555,2017-11-26
556,2017-03-12
557,2017-10-12
558,2017-12-17
559,2017-12-24
560,2017-12-31
561,2018-07-01
562,2018-01-14
563,2018-01-21
564,2018-01-28
565,2018-04-02
566,2018-11-02
567,2018-02-18
568,2018-02-25
569,2018-04-03
570,2018-11-03
571,2018-03-18
572,2018-03-25
573,2018-01-04
574,2018-08-04
575,2018-04-15
576,2018-04-22
577,2018-04-29
578,2018-06-05
579,2018-05-13
580,2018-05-20
581,2018-05-27
582,2018-03-06
583,2018-10-06
584,2018-06-17
585,2018-06-24
586,2018-01-07
587,2018-08-07
588,2018-07-15
589,2018-07-22
590,2018-07-29
591,2018-05-08
592,2018-12-08
593,2018-08-19
594,2018-08-26
595,2018-02-09
596,2018-09-09
597,2018-09-16
598,2018-09-23
599,2018-09-30
600,2018-07-10
601,2018-10-14
602,2018-10-21
603,2018-10-28
604,2018-04-11
605,2018-11-11
606,2018-11-18
607,2018-11-25
608,2018-02-12
609,2018-09-12
610,2018-12-16
611,2018-12-23
612,2018-12-30
613,2019-06-01
614,2019-01-13
615,2019-01-20
616,2019-01-27
617,2019-03-02
618,2019-10-02
619,2019-02-17
620,2019-02-24
621,2019-03-03
622,2019-10-03
623,2019-03-17
624,2019-03-24
625,2019-03-31
626,2019-07-04
627,2019-04-14
628,2019-04-21
629,2019-04-28
630,2019-05-05
631,2019-12-05
632,2019-05-19
633,2019-05-26
634,2019-02-06
635,2019-09-06
636,2019-06-16
637,2019-06-23
638,2019-06-30
639,2019-07-07
640,2019-07-14
641,2019-07-21
642,2019-07-28
643,2019-04-08
644,2019-11-08
645,2019-08-18
646,2019-08-25
647,2019-01-09
648,2019-08-09
649,2019-09-15
650,2019-09-22
651,2019-09-29
652,2019-06-10
653,2019-10-13
654,2019-10-20
655,2019-10-27
656,2019-03-11
657,2019-10-11
658,2019-11-17
659,2019-11-24
660,2019-01-12
661,2019-12-15
662,2019-12-22
663,2019-12-29
664,2020-05-01
665,2020-12-01
666,2020-01-19
667,2020-01-26
668,2020-02-02
669,2020-09-02
670,2020-02-16
671,2020-02-23
672,2020-01-03
673,2020-08-03
674,2020-03-15
675,2020-03-22
676,2020-03-29
677,2020-05-04
678,2020-12-04
679,2020-04-19
680,2020-04-26
681,2020-03-05
682,2020-10-05
683,2020-05-17
684,2020-05-24
685,2020-05-31
686,2020-07-06
687,2020-06-14
688,2020-06-21
689,2020-06-28
690,2020-05-07
691,2020-12-07
692,2020-07-19
693,2020-07-26
694,2020-02-08
695,2020-09-08
696,2020-08-16
697,2020-08-23
698,2020-08-30
699,2020-06-09
700,2020-09-13
701,2020-09-20
702,2020-09-27
703,2020-04-10
704,2020-11-10
705,2020-10-18
706,2020-10-25
707,2020-01-11
708,2020-08-11
709,2020-11-15
710,2020-11-22
711,2020-11-29
712,2020-06-12
713,2020-12-13
714,2020-12-20
715,2020-12-27
716,2021-03-01
717,2021-10-01
718,2021-01-17
719,2021-01-24
720,2021-01-31
721,2021-07-02
722,2021-02-14
723,2021-02-21
724,2021-02-28
725,2021-07-03
726,2021-03-14
727,2021-03-21
728,2021-11-04
729,2021-04-18
730,2021-04-25
731,2021-02-05
732,2021-09-05
733,2021-05-16
734,2021-05-23
735,2021-05-30
736,2021-06-06
737,2021-06-13
738,2021-06-20
739,2021-06-27
740,2021-04-07
741,2021-11-07
742,2021-07-18
743,2021-07-25
744,2021-01-08
745,2021-08-08
746,2021-08-15
747,2021-08-22
748,2021-08-29
749,2021-05-09
750,2021-12-09
751,2021-09-19
752,2021-09-26
753,2021-03-10
754,2021-10-10
755,2021-10-17
756,2021-10-24
757,2021-10-31
758,2021-07-11
759,2021-11-14
760,2021-11-21
761,2021-11-28
762,2021-05-12
763,2021-12-12
764,2021-12-19
765,2021-12-26
766,2022-02-01
767,2022-09-01
768,2022-01-16
769,2022-01-23
770,2022-01-30
771,2022-06-02
772,2022-02-13
773,2022-02-20
774,2022-02-27
775,2022-06-03
776,2022-03-13
777,2022-03-20
778,2022-03-27
779,2022-03-04
780,2022-10-04
781,2022-04-17
782,2022-04-24
783,2022-08-05
784,2022-05-15
785,2022-05-22
786,2022-05-29
787,2022-05-06
788,2022-12-06
789,2022-06-19
790,2022-06-26
791,2022-03-07
792,2022-10-07
793,2022-07-17
794,2022-07-24
795,2022-07-31
796,2022-08-14
797,2022-08-21
798,2022-08-28
799,2022-04-09
800,2022-11-09
801,2022-09-18
802,2022-09-25
803,2022-02-10
804,2022-09-10
805,2022-10-16
806,2022-10-23
807,2022-10-30
808,2022-06-11
809,2022-11-13
810,2022-11-20
811,2022-11-27
812,2022-04-12
813,2022-11-12
814,2022-12-18
815,2023-08-01
816,2023-01-15
817,2023-01-22
818,2023-01-29
819,2023-05-02
820,2023-12-02
821,2023-02-19
822,2023-02-26
823,2023-05-03
824,2023-12-03
825,2023-03-19
826,2023-03-26
827,2023-02-04
828,2023-09-04
829,2023-04-16
830,2023-04-23
831,2023-04-30
832,2023-07-05
833,2023-05-14
834,2023-05-21
835,2023-05-28
836,2023-04-06
837,2023-11-06
838,2023-06-18
839,2023-06-25
840,2023-02-07
841,2023-09-07
842,2023-07-16
843,2023-07-23
844,2023-07-30
845,2023-06-08
846,2023-08-13
847,2023-08-20
848,2023-08-27
849,2023-03-09
850,2023-10-09
851,2023-09-17
852,2023-09-24
853,2023-01-10
854,2023-08-10
855,2023-10-15
856,2023-10-22
857,2023-10-29
858,2023-05-11
859,2023-12-11
860,2023-11-19
861,2023-11-26
862,2023-03-12
863,2023-10-12
864,2023-12-17
865,2023-12-24
866,2023-12-31
867,2024-07-01
868,2024-01-14
869,2024-01-21
870,2024-01-28
871,2024-04-02
872,2024-11-02
873,2024-02-18
874,2024-02-25
875,2024-03-03
876,2024-10-03
877,2024-03-17
878,2024-03-24
879,2024-03-31
880,2024-07-04
881,2024-04-14
882,2024-04-21
883,2024-04-28
884,2024-05-05
885,2024-12-05
886,2024-05-19
887,2024-05-26
888,2024-02-06
889,2024-09-06
890,2024-06-16
891,2024-06-23
892,2024-06-30
893,2024-07-07
894,2024-07-14
895,2024-07-21
896,2024-07-28
897,2024-04-08
898,2024-11-08
899,2024-08-18
900,2024-08-25
901,2024-01-09
902,2024-08-09
903,2024-09-15
904,2024-09-22
905,2024-09-29
906,2024-06-10
907,2024-10-13
908,2024-10-20
909,2024-10-27
910,2024-03-11
911,2024-10-11
912,2024-11-17
913,2024-11-24
914,2024-01-12
915,2024-12-15
916,2024-12-22
917,2024-12-29
918,2025-05-01
919,2025-12-01
920,2025-01-19
921,2025-01-26
922,2025-02-02
923,2025-09-02
924,2025-02-16
925,2025-02-23
926,2025-02-03
927,2025-09-03
928,2025-03-16
929,2025-03-23
930,2025-03-30
931,2025-06-04
932,2025-04-13
933,2025-04-20
934,2025-04-27
935,2025-04-05
936,2025-11-05
937,2025-05-18
938,2025-05-25
939,2025-01-06
940,2025-08-06
941,2025-06-15
942,2025-06-22
943,2025-06-29
944,2025-06-07
945,2025-07-13
946,2025-07-27
947,2025-03-08
948,2025-10-08
949,2025-08-17
950,2025-08-24
951,2025-08-31
952,2025-07-09
953,2025-09-14
954,2025-09-21
955,2025-09-28
956,2025-05-10
957,2025-12-10
958,2025-10-19
959,2025-10-26
960,2025-02-11
961,2025-09-11
962,2025-11-16
963,2025-11-23
964,2025-11-30
965,2025-07-12
966,2025-12-14
967,2025-12-21
968,2025-12-28
969,2012-07-01
970,2012-01-14
971,2012-01-21
972,2012-01-28
973,2012-04-02
974,2012-11-02
975,2012-02-18
976,2012-02-25
977,2012-03-03
978,2012-10-03
979,2012-03-17
980,2012-03-24
981,2012-03-31
982,2012-07-04
983,2012-04-14
984,2012-04-21
985,2012-04-28
986,2012-05-05
987,2012-12-05
988,2012-05-19
989,2012-05-26
990,2012-02-06
991,2012-09-06
992,2012-06-16
993,2012-06-23
994,2012-06-30
995,2012-07-07
996,2012-07-14
997,2012-07-21
998,2012-07-28
999,2012-04-08
1000,2012-11-08
1001,2012-08-18
1002,2012-08-25
1003,2012-01-09
1004,2012-08-09
1005,2012-09-15
1006,2012-09-22
1007,2012-09-29
1008,2012-06-10
1009,2012-10-13
1010,2012-10-20
1011,2012-10-27
1012,2012-03-11
1013,2012-10-11
1014,2012-11-17
1015,2012-11-24
1016,2012-01-12
1017,2012-12-15
1018,2012-12-22
1019,2012-12-29
1020,2013-05-01
1021,2013-12-01
1022,2013-01-19
1023,2013-01-26
1024,2013-02-02
1025,2013-09-02
1026,2013-02-16
1027,2013-02-23
1028,2013-02-03
1029,2013-09-03
1030,2013-03-16
1031,2013-03-23
1032,2013-03-30
1033,2013-06-04
1034,2013-04-13
1035,2013-04-20
1036,2013-04-27
1037,2013-04-05
1038,2013-11-05
1039,2013-05-18
1040,2013-05-25
1041,2013-01-06
1042,2013-08-06
1043,2013-06-15
1044,2013-06-22
1045,2013-06-29
1046,2013-06-07
1047,2013-07-13
1048,2013-07-27
1049,2013-03-08
1050,2013-10-08
1051,2013-08-17
1052,2013-08-24
1053,2013-08-31
1054,2013-07-09
1055,2013-09-14
1056,2013-09-21
1057,2013-09-28
1058,2013-05-10
1059,2013-12-10
1060,2013-10-19
1061,2013-10-26
1062,2013-02-11
1063,2013-09-11
1064,2013-11-16
1065,2013-11-23
1066,2013-11-30
1067,2013-07-12
1068,2013-12-14
1069,2013-12-21
1070,2013-12-28
1071,2014-04-01
1072,2014-11-01
1073,2014-01-18
1074,2014-01-25
1075,2014-01-02
1076,2014-08-02
1077,2014-02-15
1078,2014-02-22
1079,2014-01-03
1080,2014-08-03
1081,2014-03-15
1082,2014-03-22
1083,2014-03-29
1084,2014-05-04
1085,2014-12-04
1086,2014-04-19
1087,2014-04-26
1088,2014-03-05
1089,2014-10-05
1090,2014-05-17
1091,2014-05-24
1092,2014-05-31
1093,2014-07-06
1094,2014-06-14
1095,2014-06-21
1096,2014-06-28
1097,2014-05-07
1098,2014-12-07
1099,2014-07-19
1100,2014-07-26
1101,2014-02-08
1102,2014-09-08
1103,2014-08-16
1104,2014-08-23
1105,2014-08-30
1106,2014-06-09
1107,2014-09-13
1108,2014-09-20
1109,2014-09-27
1110,2014-04-10
1111,2014-11-10
1112,2014-10-18
1113,2014-10-25
1114,2014-01-11
1115,2014-08-11
1116,2014-11-15
1117,2014-11-22
1118,2014-11-29
1119,2014-06-12
1120,2014-12-13
1121,2014-12-20
1122,2014-12-27
1123,2015-03-01
1124,2015-10-01
1125,2015-01-17
1126,2015-01-24
1127,2015-01-31
1128,2015-07-02
1129,2015-02-14
1130,2015-02-21
1131,2015-02-28
1132,2015-07-03
1133,2015-03-14
1134,2015-03-21
1135,2015-03-28
1136,2015-04-04
1137,2015-11-04
1138,2015-04-18
1139,2015-04-25
1140,2015-02-05
1141,2015-09-05
1142,2015-05-16
1143,2015-05-23
1144,2015-05-30
1145,2015-06-06
1146,2015-06-13
1147,2015-06-20
1148,2015-06-27
1149,2015-04-07
1150,2015-11-07
1151,2015-07-18
1152,2015-07-25
1153,2015-01-08
1154,2015-08-08
1155,2015-08-15
1156,2015-08-22
1157,2015-08-29
1158,2015-05-09
1159,2015-12-09
1160,2015-09-19
1161,2015-09-26
1162,2015-03-10
1163,2015-10-10
1164,2015-10-17
1165,2015-10-24
1166,2015-10-31
1167,2015-07-11
1168,2015-11-14
1169,2015-11-21
1170,2015-11-28
1171,2015-05-12
1172,2015-12-12
1173,2015-12-19
1174,2015-12-26
1175,2016-02-01
1176,2016-09-01
1177,2016-01-16
1178,2016-01-23
1179,2016-01-30
1180,2016-06-02
1181,2016-02-13
1182,2016-02-20
1183,2016-02-27
1184,2016-05-03
1185,2016-12-03
1186,2016-03-19
1187,2016-03-26
1188,2016-02-04
1189,2016-09-04
1190,2016-04-16
1191,2016-04-23
1192,2016-04-30
1193,2016-07-05
1194,2016-05-14
1195,2016-05-21
1196,2016-05-28
1197,2016-04-06
1198,2016-11-06
1199,2016-06-18
1200,2016-06-25
1201,2016-02-07
1202,2016-09-07
1203,2016-07-16
1204,2016-07-23
1205,2016-07-30
1206,2016-06-08
1207,2016-08-13
1208,2016-08-20
1209,2016-08-27
1210,2016-03-09
1211,2016-10-09
1212,2016-09-17
1213,2016-09-24
1214,2016-01-10
1215,2016-08-10
1216,2016-10-15
1217,2016-10-22
1218,2016-10-29
1219,2016-05-11
1220,2016-12-11
1221,2016-11-19
1222,2016-11-26
1223,2016-03-12
1224,2016-10-12
1225,2016-12-17
1226,2016-12-24
1227,2016-12-31
1228,2017-07-01
1229,2017-01-14
1230,2017-01-21
1231,2017-01-28
1232,2017-04-02
1233,2017-11-02
1234,2017-02-18
1235,2017-02-25
1236,2017-04-03
1237,2017-11-03
1238,2017-03-18
1239,2017-03-25
1240,2017-01-04
1241,2017-08-04
1242,2017-04-15
1243,2017-04-22
1244,2017-04-29
1245,2017-06-05
1246,2017-05-13
1247,2017-05-20
1248,2017-05-27
1249,2017-03-06
1250,2017-10-06
1251,2017-06-17
1252,2017-06-24
1253,2017-01-07
1254,2017-08-07
1255,2017-07-15
1256,2017-07-22
1257,2017-07-29
1258,2017-05-08
1259,2017-12-08
1260,2017-08-19
1261,2017-08-26
1262,2017-02-09
1263,2017-09-09
1264,2017-09-16
1265,2017-09-23
1266,2017-09-30
1267,2017-07-10
1268,2017-10-14
1269,2017-10-21
1270,2017-10-28
1271,2017-04-11
1272,2017-11-11
1273,2017-11-18
1274,2017-11-25
1275,2017-02-12
1276,2017-09-12
1277,2017-12-16
1278,2017-12-23
1279,2017-12-30
1280,2018-06-01
1281,2018-01-13
1282,2018-01-20
1283,2018-01-27
1284,2018-03-02
1285,2018-10-02
1286,2018-02-17
1287,2018-02-24
1288,2018-03-03
1289,2018-10-03
1290,2018-03-17
1291,2018-03-24
1292,2018-03-31
1293,2018-07-04
1294,2018-04-14
1295,2018-04-21
1296,2018-04-28
1297,2018-05-05
1298,2018-12-05
1299,2018-05-19
1300,2018-05-26
1301,2018-02-06
1302,2018-09-06
1303,2018-06-16
1304,2018-06-23
1305,2018-06-30
1306,2018-07-07
1307,2018-07-14
1308,2018-07-21
1309,2018-07-28
1310,2018-04-08
1311,2018-11-08
1312,2018-08-18
1313,2018-08-25
1314,2018-01-09
1315,2018-08-09
1316,2018-09-15
1317,2018-09-22
1318,2018-09-29
1319,2018-06-10
1320,2018-10-13
1321,2018-10-20
1322,2018-10-27
1323,2018-03-11
1324,2018-10-11
1325,2018-11-17
1326,2018-11-24
1327,2018-01-12
1328,2018-12-15
1329,2018-12-22
1330,2018-12-29
1331,2019-05-01
1332,2019-12-01
1333,2019-01-19
1334,2019-01-26
1335,2019-02-02
1336,2019-09-02
1337,2019-02-16
1338,2019-02-23
1339,2019-02-03
1340,2019-09-03
1341,2019-03-16
1342,2019-03-23
1343,2019-03-30
1344,2019-06-04
1345,2019-04-13
1346,2019-04-20
1347,2019-04-27
1348,2019-04-05
1349,2019-11-05
1350,2019-05-18
1351,2019-05-25
1352,2019-01-06
1353,2019-08-06
1354,2019-06-15
1355,2019-06-22
1356,2019-06-29
1357,2019-06-07
1358,2019-07-13
1359,2019-07-27
1360,2019-03-08
1361,2019-10-08
1362,2019-08-17
1363,2019-08-24
1364,2019-08-31
1365,2019-07-09
1366,2019-09-14
1367,2019-09-21
1368,2019-09-28
1369,2019-05-10
1370,2019-12-10
1371,2019-10-19
1372,2019-10-26
1373,2019-02-11
1374,2019-09-11
1375,2019-11-16
1376,2019-11-23
1377,2019-11-30
1378,2019-07-12
1379,2019-12-14
1380,2019-12-21
1381,2019-12-28
1382,2020-04-01
1383,2020-11-01
1384,2020-01-18
1385,2020-01-25
1386,2020-01-02
1387,2020-08-02
1388,2020-02-15
1389,2020-02-22
1390,2020-02-29
1391,2020-07-03
1392,2020-03-14
1393,2020-03-21
1394,2020-03-28
1395,2020-04-04
1396,2020-11-04
1397,2020-04-18
1398,2020-04-25
1399,2020-02-05
1400,2020-09-05
1401,2020-05-16
1402,2020-05-23
1403,2020-05-30
1404,2020-06-06
1405,2020-06-13
1406,2020-06-20
1407,2020-06-27
1408,2020-04-07
1409,2020-11-07
1410,2020-07-18
1411,2020-07-25
1412,2020-01-08
1413,2020-08-08
1414,2020-08-15
1415,2020-08-22
1416,2020-08-29
1417,2020-05-09
1418,2020-12-09
1419,2020-09-19
1420,2020-09-26
1421,2020-03-10
1422,2020-10-10
1423,2020-10-17
1424,2020-10-24
1425,2020-10-31
1426,2020-07-11
1427,2020-11-14
1428,2020-11-21
1429,2020-11-28
1430,2020-05-12
1431,2020-12-12
1432,2020-12-19
1433,2020-12-26
1434,2021-02-01
1435,2021-09-01
1436,2021-01-16
1437,2021-01-23
1438,2021-01-30
1439,2021-06-02
1440,2021-02-13
1441,2021-02-20
1442,2021-02-27
1443,2021-06-03
1444,2021-03-13
1445,2021-03-20
1446,2021-03-27
1447,2021-03-04
1448,2021-10-04
1449,2021-04-17
1450,2021-04-24
1451,2021-08-05
1452,2021-05-15
1453,2021-05-22
1454,2021-05-29
1455,2021-05-06
1456,2021-12-06
1457,2021-06-19
1458,2021-06-26
1459,2021-03-07
1460,2021-10-07
1461,2021-07-17
1462,2021-07-24
1463,2021-07-31
1464,2021-08-14
1465,2021-08-21
1466,2021-08-28
1467,2021-04-09
1468,2021-11-09
1469,2021-09-18
1470,2021-09-25
1471,2021-02-10
1472,2021-09-10
1473,2021-10-16
1474,2021-10-23
1475,2021-10-30
1476,2021-06-11
1477,2021-11-13
1478,2021-11-20
1479,2021-11-27
1480,2021-04-12
1481,2021-11-12
1482,2021-12-18
1483,2022-08-01
1484,2022-01-15
1485,2022-01-22
1486,2022-01-29
1487,2022-05-02
1488,2022-12-02
1489,2022-02-19
1490,2022-02-26
1491,2022-05-03
1492,2022-12-03
1493,2022-03-19
1494,2022-03-26
1495,2022-02-04
1496,2022-09-04
1497,2022-04-16
1498,2022-04-23
1499,2022-04-30
1500,2022-07-05
1501,2022-05-14
1502,2022-05-21
1503,2022-05-28
1504,2022-04-06
1505,2022-11-06
1506,2022-06-18
1507,2022-06-25
1508,2022-02-07
1509,2022-09-07
1510,2022-07-16
1511,2022-07-23
1512,2022-07-30
1513,2022-06-08
1514,2022-08-13
1515,2022-08-20
1516,2022-08-27
1517,2022-03-09
1518,2022-10-09
1519,2022-09-17
1520,2022-09-24
1521,2022-01-10
1522,2022-08-10
1523,2022-10-15
1524,2022-10-22
1525,2022-10-29
1526,2022-05-11
1527,2022-12-11
1528,2022-11-19
1529,2022-11-26
1530,2022-03-12
1531,2022-10-12
1532,2022-12-17
1533,2022-12-24
1534,2022-12-31
1535,2023-07-01
1536,2023-01-14
1537,2023-01-21
1538,2023-01-28
1539,2023-04-02
1540,2023-11-02
1541,2023-02-18
1542,2023-02-25
1543,2023-04-03
1544,2023-11-03
1545,2023-03-18
1546,2023-03-25
1547,2023-01-04
1548,2023-08-04
1549,2023-04-15
1550,2023-04-22
1551,2023-04-29
1552,2023-06-05
1553,2023-05-13
1554,2023-05-20
1555,2023-05-27
1556,2023-03-06
1557,2023-10-06
1558,2023-06-17
1559,2023-06-24
1560,2023-01-07
1561,2023-08-07
1562,2023-07-15
1563,2023-07-22
1564,2023-07-29
1565,2023-05-08
1566,2023-12-08
1567,2023-08-19
1568,2023-08-26
1569,2023-02-09
1570,2023-09-09
1571,2023-09-16
1572,2023-09-23
1573,2023-09-30
1574,2023-07-10
1575,2023-10-14
1576,2023-10-21
1577,2023-10-28
1578,2023-04-11
1579,2023-11-11
1580,2023-11-18
1581,2023-11-25
1582,2023-02-12
1583,2023-09-12
1584,2023-12-16
1585,2023-12-23
1586,2023-12-30
1587,2024-06-01
1588,2024-01-13
1589,2024-01-20
1590,2024-01-27
1591,2024-03-02
1592,2024-10-02
1593,2024-02-17
1594,2024-02-24
1595,2024-02-03
1596,2024-09-03
1597,2024-03-16
1598,2024-03-23
1599,2024-03-30
1600,2024-06-04
1601,2024-04-13
1602,2024-04-20
1603,2024-04-27
1604,2024-04-05
1605,2024-11-05
1606,2024-05-18
1607,2024-05-25
1608,2024-01-06
1609,2024-08-06
1610,2024-06-15
1611,2024-06-22
1612,2024-06-29
1613,2024-06-07
1614,2024-07-13
1615,2024-07-27
1616,2024-03-08
1617,2024-10-08
1618,2024-08-17
1619,2024-08-24
1620,2024-08-31
1621,2024-07-09
1622,2024-09-14
1623,2024-09-21
1624,2024-09-28
1625,2024-05-10
1626,2024-12-10
1627,2024-10-19
1628,2024-10-26
1629,2024-02-11
1630,2024-09-11
1631,2024-11-16
1632,2024-11-23
1633,2024-11-30
1634,2024-07-12
1635,2024-12-14
1636,2024-12-21
1637,2024-12-28
1638,2025-04-01
1639,2025-11-01
1640,2025-01-18
1641,2025-01-25
1642,2025-01-02
1643,2025-08-02
1644,2025-02-15
1645,2025-02-22
1646,2025-01-03
1647,2025-08-03
1648,2025-03-15
1649,2025-03-22
1650,2025-03-29
1651,2025-05-04
1652,2025-12-04
1653,2025-04-19
1654,2025-04-26
1655,2025-03-05
1656,2025-10-05
1657,2025-05-17
1658,2025-05-24
1659,2025-05-31
1660,2025-07-06
1661,2025-06-14
1662,2025-06-21
1663,2025-06-28
1664,2025-05-07
1665,2025-12-07
1666,2025-07-19
1667,2025-07-26
1668,2025-02-08
1669,2025-09-08
1670,2025-08-16
1671,2025-08-23
1672,2025-08-30
1673,2025-06-09
1674,2025-09-13
1675,2025-09-20
1676,2025-09-27
1677,2025-04-10
1678,2025-11-10
1679,2025-10-18
1680,2025-10-25
1681,2025-01-11
1682,2025-08-11
1683,2025-11-15
1684,2025-11-22
1685,2025-11-29
1686,2025-06-12
1687,2025-12-13
1688,2025-12-20
1689,2025-12-27
